"","PC1","PC2","PC3","PC4","PC5","PC6","PC7","PC8","PC9","PC10","PC11","PC12","PC13","PC14","PC15","PC16","PC17","PC18","PC19","PC20","PC21","PC22","PC23","PC24","PC25","PC26","PC27","PC28","PC29","PC30","PC31","PC32","PC33","PC34","PC35","PC36","PC37","PC38","PC39","PC40","PC41","PC42","PC43","PC44","PC45","PC46","PC47","PC48","PC49","PC50","PC51","PC52","PC53","PC54","PC55","PC56","PC57","PC58","PC59","PC60"
"SRR12632445",63.8515083195396,-69.6958237510343,100.14968357843,-2.63906292722913,74.0392592595854,-14.7214936669513,-1.59644659195055,33.2649825803674,-20.4058726903143,3.90979164801358,-40.1627673933599,0.828242555081473,-8.51799999718366,29.8023919407806,-9.54600002996814,9.15519008403152,-1.52895360243716,-6.14304993272391,6.0799731874086,2.83783768606657,10.0272833973149,-11.5352079580803,-6.99047678460924,-6.34856141198751,0.364272036762814,9.41013587509877,13.5216186266077,-11.8998991953191,-27.7986066704415,-16.8563302279732,-19.9608111900673,18.0247696028769,16.7211880179737,7.48615978003953,6.9264034124151,10.9177608749549,12.5469530318342,-19.3216704684949,-29.8292131103839,8.11601262955809,23.6151235131277,17.0110284961312,35.7193984043668,-31.4379731992846,-31.6422433069984,-22.7352181635896,16.1066246063713,28.4333254837906,4.69450177392457,3.39289416072539,0.986480551105692,5.79360871220316,5.43467615195977,-32.5881566631828,-6.6110569584426,5.25610399027463,-9.51981167655651,3.26926877630274,-2.44701350563256,-2.22524689647008e-13
"SRR12632457",91.3681352770252,-93.7980002027815,131.725553246535,-15.9100426712494,39.8707210709038,-9.41689648075675,-14.0643293895784,29.6753209708562,-18.1738977493249,-70.7487342683484,-34.2930350908952,-14.7272340320099,-0.438550108879913,24.3092026717473,5.00476696256748,30.6828688000961,8.28203643492138,24.7124350398556,0.284792397633565,11.8856390396743,-2.53641699385383,4.65930530178966,2.42059683880099,-5.84736311719298,9.79698774357547,-12.7076226118313,6.81532573470786,0.519826355639591,-2.16115289080429,-6.1168022753372,6.10674059887512,1.07968892080775,2.04811988609638,-2.29560971300313,-2.91364518038906,-6.76571181796242,-16.7724379776997,9.43236035745325,3.06701196184621,-9.2876038549031,-13.6235514368239,-22.1806975920905,-20.0549097622467,18.0339683195139,22.3405561302175,18.7253348522215,-1.84149391125434,-15.0957411966308,0.392241659867034,-7.28776457345618,-14.4153509678294,6.97207515043085,7.1432400560801,-7.485038371636,-39.0003383987328,41.8941372059816,-14.9464149699224,4.17273015840521,-1.30939648701742,-3.10753159316057e-13
"SRR12632456",74.9839879002309,-87.0211067009699,127.811080498109,-21.8152829773357,54.4872363419159,-11.2302325677361,-0.598865931550504,40.6930424058705,-33.945865402734,-69.6264684230508,-27.8494931496183,-23.6838612853895,-6.78270950360579,31.0777438023244,13.0535350501898,22.3053748812416,18.8055774441394,6.90199865857648,1.43854416572953,11.4499010157742,-9.23355111622665,10.9236060445941,-4.08249073753544,-5.37298212771865,1.38840292051323,2.39599067913351,0.620797496100213,-2.96695927950918,0.582087077805729,-14.025243157757,-2.93675065873618,19.3802690976956,12.0192388094924,5.02685164617112,-2.16039982098928,-10.778756182778,-8.4876039113395,0.717723575597528,1.72200923460352,-1.18142431315352,2.42932118461786,1.32574322206472,-4.03747183317596,5.74986921194336,9.87730833072576,11.6515735371718,-6.80541383338196,-7.12627620698409,0.1110002748712,1.0383304345014,7.18266375762544,-9.52691297379059,-9.03393857881608,28.5375829424188,46.4514676106604,-45.7030200752021,-7.30315279458419,1.72968693072296,-1.17510279575493,-1.06225249950354e-13
"SRR12632437",78.399917190577,-27.8033705491881,-79.3195729254312,-94.82750097272,46.9849974824175,-3.42090393113852,2.38888147210698,1.18501565420382,-11.9951357632987,23.2834593386024,-35.0032538121201,-4.64573470268585,-21.9464261613335,5.98851625068257,10.3768862686124,-26.098270661335,-23.2086802843648,-59.2214122638556,13.7409563873699,-7.05958041644635,17.7614463238052,-23.6336274479463,-17.2090609728004,12.7116695449904,12.4974651438683,40.6947899444791,-13.6550628476695,6.89672609917661,22.1716220664397,31.3623241985304,-9.3253510419909,18.2894704141132,-13.1907524701763,-13.0845938247356,-1.36321421414191,42.7999836515044,24.6536593826276,19.2894339539958,-38.5928446544856,8.46905667556529,1.77912751433766,-13.6801341426059,-2.17381652506772,23.20164328773,23.0177296941406,9.49479362193374,-8.8921562993067,-2.34676124779959,8.00324313780539,2.63277834528316,12.9619550772326,7.96240464435331,11.5956355205089,6.74164268641324,2.28638216814918,2.83389331169614,-9.4218413485906,1.05108393716176,-1.95145930870005,-1.83533852178563e-13
"SRR12632436",106.974950286782,-20.7367832468101,-76.0206118772933,-70.6457150374615,32.4165034593061,-13.3300002464224,6.77924074332215,5.52716819469746,1.09006923842805,-13.7146349797873,-21.3732929630932,18.7220332996314,-11.4957837012877,15.3971158450024,-8.3928398270519,-0.493966386088741,12.3998961673044,2.62037534971724,15.3087585552531,12.5499785056872,-15.1082996896441,7.1015757866753,-5.05020264776445,-7.36594942701894,-14.6274744771628,15.7993397695917,-6.81462659608331,13.7748589778605,19.8917711410469,42.8199679284763,21.8334633383037,-6.17689283132228,-33.9798542280521,-13.1191855390755,1.51856393405257,-20.2438504342166,-1.1911637340213,35.0138118351091,31.8679490648798,-7.88972047573598,5.76087431744865,61.4418811491528,3.03573218007184,-31.217125421903,-0.552706990719371,7.88245407082971,-0.493139519097607,1.198527219275,-21.7473038546988,-1.80927599665839,-13.6040885272378,-7.31810289174536,-9.10498813661309,-9.48547819333501,-12.6005797328882,-7.22232096015925,-4.36857975519681,3.52196097134948,0.738509562949489,-1.95338211751717e-13
"SRR12632435",87.887011986729,-21.0564276766967,-70.2344534608707,-74.8759648718103,31.8708051820949,-11.6088322970905,-4.13202769387931,-2.34759053564907,28.5570253681763,12.002104546603,-39.1962916338847,3.80966469428995,-24.628226817594,-15.4489310184852,-2.58185046094149,-18.0920515885772,-43.9412173230023,-11.1713217589736,30.1370241178951,19.5094142704406,20.4797798327828,-21.2463900752782,-26.8127261730154,-15.5004575947628,-1.97306708031422,5.99285792458723,-2.9603715032925,14.0321805453339,35.9965936933321,-28.0888102546037,25.2664579781468,-40.0404815756194,15.9808623641234,23.1014827637238,7.46565779720912,-29.6445544431379,-24.421511169759,-25.4556508425224,29.290248014923,8.22280917053532,-12.0524233359662,-24.0345134267543,-15.1978946097316,1.90861094345059,-25.9549198721457,-27.4019363842108,3.7231306803588,1.05458004511605,9.86680491358009,1.50378217150028,2.74820879307364,-0.977346438465572,-3.12637004420545,2.43482275791662,6.67553461210376,1.78054310856888,-11.8566640219481,2.66675034027261,-1.47757049571428,-7.04742254137303e-14
"SRR12632407",14.3460513814109,-2.97681328531994,21.3687073911151,86.7609686649119,-32.8197648270902,-40.133737423161,-0.0555232985338278,9.28517110994886,10.7895279210349,2.50180213291511,23.3357416685498,-21.1136202988431,7.01018462723392,-20.891645954901,8.5362513967426,-13.1771441866307,-1.82572326580239,-26.0359600017032,-10.5340571325102,1.99933981892417,-19.5528983792346,25.1951766146779,2.74606152441699,6.40202004409385,21.8828298395464,-6.03133272815979,-9.27183540638578,11.9148318880198,22.2483489517347,-6.8748932896487,8.92828792301755,5.25520922220252,12.5627558791435,5.48990771273564,13.0806891447723,-9.26276837959855,-15.6007793698215,28.9285438792041,-10.1441377868396,12.5258708084344,5.0918839981273,2.90283210022879,-44.0377473309466,-16.1051246223434,21.7517993071051,-11.6452214645702,9.15385343090269,29.1981069263295,14.0344691933422,-5.8853048568555,-13.334355079406,40.7993910114297,22.3144882387997,-24.5650114440997,-0.386146686215601,-24.4725498777808,-5.4866389064924,0.691146493895477,-1.49547363810514,2.34093560508297e-13
"SRR12632406",47.1477211573485,-7.74253286512435,25.6723741821669,78.04149175485,-10.2881618890238,-28.3750455331848,12.4266940386866,18.2709264385677,-2.71409122372754,16.9308050352752,11.0927691838412,-8.00943042415314,4.32395273705234,-19.0334911136231,3.00259059741644,-10.9768675327071,9.80864194049002,-13.6259448321299,-10.7046948979114,-3.51174074344575,-19.925982773921,19.8748357520362,-0.315890563529465,9.39334084626608,4.82358010109872,4.93774387104682,-11.8998285852567,1.32592995148467,10.7181606466981,6.18394511636686,-11.0022837010041,13.4502345877392,6.89328999444225,15.0974156501769,6.23702386023689,0.0257719826709788,8.21112386987364,17.7038780648981,-0.763257787135626,14.9168902707147,20.4289049082725,27.5465435967463,-18.3749067224779,1.12916401661615,-33.7866737609262,-1.45844926884393,4.42859831945721,1.38700870958239,46.6536249286694,-11.9437245437799,3.31995825134205,-21.1267821507951,-22.9824541338363,42.6491347698525,-4.14191471535632,31.1108302565302,-8.3611828931516,3.19949744762467,0.482675375266577,-3.06198100728794e-13
"SRR12632405",14.0376942101439,-27.1366444983923,52.9642532378478,68.0516736895487,-44.3499646163182,-18.9057389206138,1.41107987484709,13.1822856418654,39.2242732618995,-2.68575970500904,44.0744576602588,11.6169800370062,1.31809080945396,-38.8670990251433,37.9918058655488,-9.01354128617523,6.04478158225202,-6.17212976763769,11.6045428053977,4.52929399002074,13.8920699183531,-7.77070328458577,3.16378949994645,12.4554792081159,15.6529968614282,17.5438199489375,-15.0069612406908,2.82893067235959,42.4877362255231,-25.9308535754235,-0.1184720942856,17.7296512261953,22.5587736669765,-8.98192690320476,11.8528425347166,-10.4450672002711,-24.302415669439,44.6582758901761,-11.8121685183201,-15.2440125878852,-4.11062899463405,-10.1806162528,50.4799995052904,6.61714579872494,-5.18730946462023,-3.38498037864294,-6.33645995330457,-13.7691248177949,-23.9769880628566,12.0011734302816,9.514676705959,-21.8421158362516,-10.6737299884268,-12.2518126069826,-7.14263850994387,-1.21609744524617,-10.1221744357208,1.43504782754248,-1.9644660162302,-3.47293049353381e-13
"SRR12632430",77.297604831339,-7.50595754105037,-105.212999502829,-38.324507563494,-22.8631243376677,-6.99831625515443,4.9989376875878,-10.7611568329046,6.48427949770469,-13.7312457389419,16.0916605157724,-40.2281540917106,-4.00640881069396,-36.9656244630389,26.1315270011949,-18.7401638328116,26.091789081108,1.88801521565108,-14.9782821749613,-4.23735926794002,-4.35985291068445,12.0150735614283,-2.30053538576316,-3.03432271963205,-3.34229771895534,-8.6849636787068,-5.30425424442287,-1.38452606624853,-7.78130899115487,-15.0130342861365,-12.7627376810674,-1.64974332917743,21.4958199768073,18.7265538644034,-10.4657587740321,-6.25066319286494,17.4190064868855,-38.5216687829422,29.9316109708586,-11.2662057830886,2.18173894582907,18.018716129335,30.6599658529545,-11.3894830933736,53.5693735457928,7.20925975113551,2.71508756560317,8.96160273182307,24.3564418001093,4.6375898140704,30.8154985406151,-2.93977715860808,7.17392616712689,2.51619520979544,-18.7183901558955,-2.84265409604431,-11.3501190467103,4.56412944653411,-1.5539373220699,-2.68733928339426e-13
"SRR12632429",68.4202073915784,-12.3634335053415,-129.130068508445,-23.992368671887,24.4184469370804,-32.9576515410028,-1.41699708055406,-30.2547743476751,12.7354018470677,43.3099169714094,-41.429434410231,-11.529232927964,23.1716662071126,-14.591247318383,-21.3830726064213,-25.3724271713554,-13.8230877097022,13.8483131094178,-11.8325658825141,-13.2758270326301,-14.5855845921917,18.5842661508373,23.1571924864111,6.68422858990737,21.665514395134,-28.3362488684521,8.54508397047087,-7.6895171993454,-9.41717672255822,-28.0853537913912,0.0779931359546508,-0.738576503872455,20.4030446153468,-0.903763180009683,10.4081696751539,-5.57841946041651,-5.312357714672,-3.40252469484147,-17.7700852816084,0.420526309288588,7.75088378381891,2.6715961836083,-8.78392773447294,18.1465423327338,-17.7573925036926,63.8375123426546,0.41872460771255,29.3951534076259,-29.0154255247921,6.51345107576585,-6.09302175460486,-10.2466415214523,-8.55472714331717,-3.1849197799078,3.06917150053384,-1.19850040938212,-6.08832103971369,2.14515073757277,-0.208293887691155,7.56144279134841e-15
"SRR12632428",93.3712889545151,-17.6972651206413,-116.827459172811,-31.8776837714659,0.295121260606667,-17.4607149065678,5.05822117673391,-17.0121116336548,-26.6382697123485,-2.89737109477431,-21.3508104216462,-44.7696253991139,19.2560540800592,-15.1968025451068,8.79510338636378,-17.8292492639945,10.2860285825843,-9.18861315808249,-21.8401648911452,-20.5604104568072,-26.3393536196254,34.481124994762,17.2173297610617,11.5670618932861,9.26709200574241,-26.5557490205963,-7.52934275309431,-1.55138824917654,-8.11618492770983,-4.13573463765932,-8.80688095830572,4.95417785196702,11.1510789006141,-1.12286807161935,-11.6907614349571,13.9242614186691,12.5339215456937,-3.98685180057235,-2.79620416283188,0.686834698017619,4.28298278816236,-5.92847491005952,10.6341273345764,0.702248535643745,-2.72452115619576,-51.5363783016091,-3.04031572277721,-41.2320173125956,-26.2869821201368,-14.2235847238488,-42.0841518160328,3.65413744952207,-1.31719218325225,1.34498197593659,12.6512773150368,6.45014504090881,-4.87406103742392,0.974249597800719,-0.791133834804388,-1.73567432128208e-13
"SRR12632446",-103.3875793416,96.9020398690864,49.6388342327592,-17.0829470369908,-19.7200651365305,4.88716510649094,-8.38272668773644,-35.3908204945374,24.1235200283809,-28.4567320790181,19.6777499681222,-61.215263891489,7.34757834476591,-8.06989439177413,28.4460457388342,45.6292328865148,12.5585720157936,-24.0300234136408,4.33265973856411,-0.0940273993458132,-0.324157546425999,13.9395221512613,-13.4451299787785,-35.7413610096261,-25.578294291303,-27.2397742938108,-5.41147377293319,17.6862567867527,23.4579182487708,2.94910698923364,26.8971513402382,-38.496464946707,-16.0974927814448,-35.3851994997873,22.8653385002691,16.8693272481292,-2.65820678415249,-32.5770224012008,-45.2795357460006,14.4289165678775,1.20296975398354,18.2754253469871,7.82690574868513,3.27503819656382,-5.40708006057877,8.26556924947892,0.361979897480373,-0.932613295650914,2.21739176041474,-2.68752410789833,-5.03437036778573,-6.15244690841318,-6.17949938855851,-2.03563037750997,2.05078550373015,0.316253334055106,-15.6208010755642,2.419502109586,0.0622537314357085,-3.73017155358424e-13
"SRR12632444",-129.545730745482,107.726873347958,51.8619097847458,-14.5674627792043,16.9740776460822,-21.2374154180198,-0.849201176980024,-54.9366915062573,70.876460966188,66.2407768725604,-19.8263988356651,-33.2091181769629,-27.0551844397294,16.4832315119678,-31.3558246982815,0.15882111403987,17.223065943644,-33.8732666646294,2.71186238125465,17.9555770730487,-22.6496029207652,11.9822333470514,-41.4725706033263,-27.0641693331027,-47.0225315468189,-8.78233265831916,14.2258046387788,-34.2865717335491,-25.2464128203631,-1.50166502962799,-16.9205726418359,30.5047853520716,5.2075584970034,6.62740999775604,-21.6169465345907,-8.98105240992698,-10.1542426852162,32.363722163917,15.0338728060605,-9.72590650298678,-8.72433519989737,-15.983097855024,0.0504257573639743,1.32796771264009,4.42685875416815,-1.65730871045906,-0.686106752759326,-1.83563403488592,-3.5681158986024,0.359904675661402,-1.91345215208694,0.395398362732233,-0.313080385123277,2.78486114609668,-1.17519613665268,-0.913449159786058,-16.8619883724651,4.74640625175678,0.775777276138553,-4.62049886199023e-13
"SRR12632447",-147.239762086637,48.7725493768577,96.0565139867295,-40.5618594282525,25.6988703944912,-43.1838620369519,-34.181531538394,-86.4115989569515,80.3968101118945,20.3864841679249,-19.2967632701257,-15.1298111504842,24.7434947662702,34.8374495770989,24.5740025444702,17.8021853798589,15.572761777991,36.5829952522186,-19.1914030775504,-15.0567291365748,24.2840902421757,-17.20412044201,28.7343303701323,33.3163090542328,71.4662069461096,30.9928563544423,-1.34080681667732,3.63705664624856,2.68005722351571,13.3979626680488,-4.67903347283261,-9.73192998918974,-5.88496722959805,6.25486374063189,0.741607724866607,0.653704280929969,14.7488216902742,-6.19885756148264,22.7808013449289,1.02119195681119,5.00347275452495,7.04539532781365,-5.42023207015885,-0.340002379369442,-2.81746674537864,-10.8183873155632,2.5172674190094,0.436536348211987,-1.86684857616608,0.213610254214873,0.143402237733427,1.31065351716101,2.84394255242717,5.4549758689914,0.838905503640381,-4.41998510542794,-13.9782620704637,2.79963512009595,1.54106010526739,-2.23578859419316e-13
"SRR12632404",78.9246545247963,-23.4377116438665,30.8690321259527,75.144937577444,-21.5695837909932,-7.54863287319814,2.4848784924545,17.831186686406,-38.2392532369982,8.0057726028395,0.439933281451332,-21.2536071156554,10.9352252801336,9.30277037554882,-0.980603112897753,-1.67055404781292,3.48880018294734,-11.818454156799,-18.0841905515528,-14.6438257232956,-12.6041786239436,12.0051157477152,0.950396727444503,1.35801366851618,-4.63121020242671,-16.3463781233632,0.970223752634584,5.79168433861381,-13.5193060713622,29.2216786276727,6.1109754415043,-15.5171329723844,-17.1726783750223,-1.65196527405802,-11.7047537088953,17.8483229147981,12.6436762178442,-6.14936059003458,16.1535119565129,1.72981394999657,-0.344910483974807,-20.4094886804474,-23.110092680689,13.6646870035266,-29.8258128328255,-19.6837064945773,-11.872301522451,1.53921042466164,-23.4812415572235,29.259033309786,41.9653959062208,-15.5517086259872,2.3845391251247,-2.99383775420095,-34.0438200252767,-27.4202011137498,-11.0350302247808,2.86810131341133,-0.2348840797481,-3.03255576032668e-13
"SRR12632455",65.8545832609083,-29.7157714301027,57.7544867047219,65.7863404278731,-29.0949998910898,-10.6228004214296,9.68501742997686,18.8481386558551,8.46493552336808,25.4678589254947,21.8614158991175,11.3257263068686,-21.645571743547,-11.7641052794888,6.91551882604684,-15.6921806693854,4.1852180348372,0.765901947813314,-11.9789948990712,-1.84675980676355,9.27961147919688,-14.2910950296288,-15.540540672698,-2.55499118144057,-11.5107928989333,13.7157792876562,-8.82746828303567,0.893507886091083,-4.25633851090995,9.60597007027443,-8.4831235507411,-17.9720879153821,-5.72769887652479,8.8453113864001,-6.79102198696902,7.71597529782451,20.4592446568639,-17.8915303546882,21.1243093563186,-9.07150413920346,-13.7065490459055,6.62258168749749,24.7984156678553,22.8565120211209,-34.7072012322353,40.1630375003183,11.9802826565421,-29.5477465439672,9.91930651752805,-20.2694421777726,-27.6665720328389,35.7082812186631,20.2427992494577,-0.239292468773419,-4.82115863547349,-21.5339990740119,-6.65333822277005,3.31098084656811,-0.351932217206517,-1.24328932565865e-13
"SRR12632454",49.6910101730468,-10.6701001582711,46.7498007316273,56.5549360127682,-26.5177728726965,-9.26935388944688,3.7938492966854,23.7001635619682,-2.70697812333249,-5.03890184625475,38.2758502581846,-5.57286365515555,-8.35092178533663,-4.1032619396039,15.2467721529186,-10.1904292956473,13.5994153348235,-15.7761103295934,-10.1607461715449,-2.46538762062248,-0.978075999116913,-2.12387095238189,-10.3251652156869,-5.7986909979322,2.83435991252678,5.10504768017265,-8.51984545101933,8.88169296232595,-6.65309903011599,32.7055509175473,3.96842842335038,-10.5250814255527,-15.6915663802357,7.87580932083566,-15.5747521621701,7.29770959658231,17.6617220610649,-11.56011235533,28.3577198768072,-16.5972040338579,-5.52558679780249,-18.5422857011661,-5.17946920046143,1.29553999145485,6.17368736939843,7.72286259052902,4.78300934096043,30.3076284865018,-15.0181912096821,4.34839493920419,-2.2700816553524,-11.0842347888546,-9.39842437045951,-28.3233924557363,53.3038110284431,37.2913722943546,-8.49549634951043,1.69411793825215,0.46339376444603,-4.31897573260898e-13
"SRR12632453",53.5892158500679,-17.66694331143,34.7772622697683,79.5168072754797,-8.45473869325071,-26.8761027168937,-3.67834665181545,7.37376676645824,7.27529232435655,41.6315321297948,-5.43099834822664,25.6043136283514,3.70770202365006,3.78681276133546,-20.0883388107685,-3.49696780386312,-19.9346192645447,16.151982266141,7.90952686879185,0.124767357166295,2.22921239843786,-6.70804477923715,8.70764311394046,-0.818098840526552,-7.92313993848562,-14.5817022332146,11.4773953596437,-1.68730423623312,-4.39885026596737,-6.95011163618328,16.5869749489211,-12.2062766825069,-10.589054783143,-18.8175990024005,6.20095721153627,-4.93393858320827,-10.1763160812007,-4.04207144214319,-8.74910044136715,-1.56294704097336,2.37217505183495,17.1335798842008,12.7595137697019,-18.9762752564046,14.0330244621927,-8.36908061747931,-6.85879608644361,-2.79932518405285,-29.0738005977546,15.2067677645544,21.6560783216568,29.8992027047508,40.5497832730163,46.6691564247995,16.5573525948494,24.2207127026717,-8.55146139120381,0.630045182183063,-0.356526223523371,1.82594824676974e-13
"SRR12632452",50.4721507248058,-6.05393445503406,43.9451312812807,60.4093575290995,-3.82079836930694,-11.8680784558379,-2.62382609260177,22.7071820952397,6.9219979771218,30.8769207375211,12.6604308932453,21.8206648779513,-3.14078151949222,-3.12048247038041,-9.73572100843854,-7.7027017980561,-22.366214984444,-9.12621451488008,13.1935546242154,-0.202031843478629,18.2531670494435,-21.2670860627977,-0.983584553262514,3.49498608377296,7.78173547299387,0.408211432021144,2.74484654258973,-3.78909064563575,-16.441542063313,7.99012485637144,4.44893530632806,-10.6141114571012,-14.9396659102691,-12.5883840927588,-7.87007833438335,9.82509644405116,-4.50925948422191,-19.8460599417119,-8.06368263671723,-11.4527703463231,-6.00236650881083,-22.3192572617715,7.18045043475427,-13.8676969418814,32.7101505366263,-9.58193536673713,10.7666603400595,34.2704603808687,-5.43306747835506,-12.9465620312131,-47.4923050466084,-25.3545494842996,-24.5582617511648,31.4611423496076,-22.372969853424,-20.1289833678198,-3.19215666515737,-1.14459656015518,-1.10405685125797,-2.27569157094931e-13
"SRR12632451",56.5482360572224,-13.1983136949481,30.2380288842559,90.6137875020565,-2.66368333701099,-28.0276817589679,-2.74302658876189,4.20298801943624,20.927269182269,59.7919064439694,-12.4854030690405,36.7243492225863,-3.57955332565517,3.56300085065626,-41.5600935673194,-12.853120912007,-16.5420301577211,22.8136339348065,7.25430956547979,4.52918007095478,7.22246950475944,-14.1568881504056,8.79307427726354,3.43679104460132,-6.1514461244543,0.366796744145413,14.4532125535021,-9.44915190557989,-13.7976594122762,-3.49930682833762,4.33400769434004,-7.41635515687181,-2.74998722197105,-2.63681695643933,10.6988927937815,-4.97249603995069,2.20881839259692,-17.3054799497675,-15.9128071188937,21.6092352438756,0.30200648641573,27.5396135899348,-18.4486957816004,14.7400096099994,35.1496365387493,-5.28789806854899,-17.3035127131138,-43.998383720563,13.394244747653,-7.83251760507278,10.0713527260275,-18.5328545300206,-21.7214360162198,-35.7702171844716,10.7643874238455,-5.3167314843071,-8.36198881976181,1.99581034060637,1.16664228607245,-7.90775864928372e-14
"SRR12632424",109.212575686239,-9.82133326887382,-121.592040651138,-11.7045478716014,-29.2362870081528,-14.9407720657221,-0.907940023558621,-29.2823806083728,-0.11580769273104,-2.27757468685624,-19.411441912751,13.1358452643811,24.2552850455424,-5.48549733296239,-6.19731385793183,18.9172249297463,13.6663901806652,42.7418431671872,0.0706165190064742,-4.91533832732954,0.310444644591132,-3.46957445572632,24.8836173708192,2.98407144019966,0.816638426043012,-19.0181580662716,10.7160395655531,-4.65590892760252,-23.4614143361302,14.7080969997738,12.8104522577863,-0.531901891775347,-34.22138791348,-36.9947639792269,-7.02379419427985,1.0105889054271,-26.1789816496568,27.067125369888,-11.7974829923464,-24.3532811080555,-19.3707071407714,-28.5938534950535,19.9863002539573,-5.17505325732202,-14.4076193891081,-6.95508871448647,12.7756270817277,5.0764932073859,50.5517698628426,-5.10197702000926,13.3503375331979,6.61855245621735,-2.14623898675109,-7.24687419962573,14.2011084240093,-7.53040231708596,-9.34272589736343,0.866881336047927,-0.358568560763816,-2.58906394587366e-14
"SRR12632422",96.1419127698136,-19.9757519683817,-107.050309504253,-45.7720459522517,-17.9635887026726,-13.1525623372605,-32.3013737786864,-20.0713863425928,32.2430421122397,-27.3833775387948,124.786039434366,64.119856386711,1.74127265817265,93.1399654922585,-29.5355096917312,50.9643224931223,-29.6460292236248,-27.6390461203799,-20.6564033713686,-6.19400796399795,-16.7781520540242,12.1805489688858,-10.674569251231,13.3456265244328,3.4170425445926,-12.4403167931261,-3.79177110471713,-8.70458594274868,7.7424690270048,-16.4090962999248,-10.1442123081536,2.94379467819119,7.06759854979209,10.7369962452155,2.31054742589521,3.90714410172899,2.95676057857799,-4.88468149881985,-0.801892116241822,3.88507427260033,0.37724315229742,-1.50577409223062,1.46315972886925,3.66928680393687,-1.96378609978834,-0.0217996026639115,0.907329424732665,-1.4022139057995,0.885542056750825,0.159850469970645,0.585492938606082,-0.398542228684342,0.813261032633814,1.19556803219114,-1.19654230614017,-0.0458725909663295,-6.24923696064906,0.629651642493777,-0.986483532424764,-1.5710837578814e-13
"SRR12632421",87.3418423257491,-14.0144345846927,-114.571272829537,-29.243226311169,-68.1135989300121,17.004814546455,3.10064854442452,-8.66051683310349,26.4514766542062,-32.3591817558007,48.1555871763915,2.14731224394391,-11.5180362692067,-38.5042267529411,27.8507224084072,15.5165780738317,56.7157625588586,37.3363449277278,11.1727691956647,17.1584428962095,45.1785063785794,-38.4475642233325,3.59707684327244,-22.3171981998345,-24.9828184435259,35.8914584610393,23.5093004014332,-11.9404319018864,-35.1050423559236,0.412818566316244,-16.7505514179782,16.5057292415655,5.98787424879101,9.99622484620373,7.568364374137,-0.743124683379461,-1.03620570001024,1.67902259717479,-18.3434927854255,19.9445294581793,10.316399286859,1.27087011137512,-36.7404863278309,0.857564769363989,-9.88852022262851,-6.29525267572427,-5.4571010608023,3.64010498580374,-19.700907861923,2.83339979236307,-8.15672613016966,3.48458476047353,3.59104961652559,7.575065078281,-0.948815283450274,-0.323383608668333,-7.51624054209674,1.75718213127655,-1.10562461865217,-5.16400073743983e-14
"SRR12632443",-28.7322371551829,125.57840505842,42.2847511458218,-11.1139758480808,-1.85726568285471,50.3048980882002,5.2874605090692,-6.94468104718479,-59.499866419394,-14.8344461115647,-8.44052042966074,38.8421574820151,23.3595862363359,-23.5229035362163,-0.0915723160841496,22.7513891003581,-25.0387573082619,-7.95715900249328,30.8650773752013,-24.1961801702614,17.9443556675409,-13.4462105773422,32.6170614809363,-3.93221288458216,-24.3081002761349,-12.6320346113936,10.8328529474602,-1.69436397990907,15.4361183206715,-50.390045030899,-15.8911474656521,-2.90430210854169,3.10489653825466,-30.8809594695154,-1.4342007085423,-3.56139918922185,67.4098880570179,27.6002676262747,28.7438086253445,-6.05654228305682,3.1947211632172,-1.26488743994841,-14.0254157669293,-1.6519078993924,1.90283769903152,-0.708649648460665,3.95910218228017,4.42779847566046,2.40047638395096,-2.56350585107419,-2.63833022124703,1.45519267212676,-1.33917907090939,-2.27029107423872,2.43514865743371,-2.28051760883335,-13.949689509092,3.60658973533078,0.0334614181293923,-4.64955764861719e-13
"SRR12632442",-49.7611334873392,152.989136572876,25.5667718701476,-17.8709253029339,6.38372817531657,52.0130509916794,-4.46157074907325,2.02486945272459,-51.1161286601508,-17.3994803157501,1.68768605991626,32.0999618970471,42.4522456648572,-24.7222527763902,-4.97461925289336,14.287238775155,-21.0367768241511,-39.0523506820741,40.4959292933926,-26.4191000651384,-6.11428408542848,15.5323071990348,51.0905427531793,12.7723758614715,-10.0812970091674,22.9597846811255,9.81131354362866,10.4134468700546,-17.3523553069364,38.3243643777905,-11.4449047416515,6.84842837052921,6.30753885237845,48.6839629900053,-5.91811809663613,-8.85578812860825,-52.2765102593737,-16.4136081781412,-2.97124552269684,3.51426401655172,-4.31778346044139,4.24347466487862,9.66399300136875,3.30051272818253,0.409890682046047,7.21605142530698,-1.03480757351968,-4.96238627900578,-1.59044836060368,0.632771982611905,-1.32573711397914,4.34714663624421,3.4721599583134,-1.24341905737451,0.903911302180218,-0.202241170169693,-14.9267207841587,3.47993958851924,-0.811423602332607,-1.42046747628188e-13
"SRR12632441",-70.4569224171256,171.391431264855,52.7057539915747,-58.5352797854154,-30.3966527764413,80.73252341136,14.7195798950591,-13.1986329309283,-80.2264707772185,-36.3107613981945,17.972103105377,40.6619463387114,-45.732727266454,0.965336087743439,-36.6889247241146,-70.5817237602558,9.74246323109388,47.2334001140547,-57.9999963697804,20.7708902533052,-4.61972256695368,-6.92373103169851,-33.8279553457995,8.13582513264317,24.9062787764487,-9.67075090682783,-11.354713015657,-2.09723302917835,3.63320731399251,-1.24846724372111,15.615876135192,0.455600939745609,4.27692178555438,-0.721355698247451,2.06217511300635,6.52849842393737,-10.0453906860784,3.03691182940451,-15.1857705294028,2.85078320933757,1.86467815286506,1.96984638781807,2.59516648033253,-0.574385838547918,-1.38411127362426,-4.75481261213272,0.466827355711908,3.57235457141427,-1.47132891183982,0.459446741438594,-0.690509894650119,-0.913348973840405,-0.252351603404627,1.47768105566557,-0.435036096503623,-1.02222703054493,-17.5055131038391,4.69131961511344,0.633318509145433,-1.34147033759024e-13
"SRR26447755",52.797405690377,28.7881099797285,61.7114958095194,-36.5906882689628,-68.8617842512995,-19.7990322812269,55.2306347157199,-18.2899021454743,4.40258615883108,-25.1092743083451,16.3235488608568,-4.66369737379593,3.5789399171297,-16.2832094007842,-25.3080832931386,-5.03159954731593,-15.4523079892734,3.28985435639648,68.3266656980834,5.02446396899821,-14.1886375860107,14.4790857729495,-28.9609405058636,-48.4939640993917,74.4190345121239,-18.4875689305811,7.26099758092913,-10.2445213825449,-10.1487653046616,14.3566453458993,-51.5132685881125,-21.4859378745376,-9.44309543520801,-5.8525884885538,-7.23617258702165,-12.3431693473349,7.06040958224242,6.3543414951995,-4.8582701326718,10.4519836737391,-0.774341015214516,0.616291005533146,5.25025326634493,-1.12955950869157,-1.92380398027538,0.84973193516361,-7.20502292000077,-4.74448092915585,0.0394122605431826,2.50859953719356,4.84895239046182,0.457600042160935,2.17139305255821,0.612574416310598,0.172117375986605,-0.14488895518281,19.5656547761761,5.0923266577596,-4.35904658877034,-3.89870156557864e-13
"SRR26447754",42.3184213779628,-17.7591121166682,113.653770487811,-80.298693862995,-10.057015020746,-56.4355285475952,36.2135926275625,-40.3095179571533,-18.8014528009019,16.1370887000654,46.4153182311612,-31.9930749817717,12.2635987681349,-10.2081972344425,-9.03697415707674,-15.6313112413046,-36.8607333270559,25.8671722188568,-4.11024490647563,-19.2148156466192,1.92530244452151,-7.30175313313906,2.98825724669766,12.6595608348711,-39.4044358640041,9.97519106315346,6.4120404741498,-12.3315661905483,21.9271960558016,15.0741475092909,3.05397204390306,15.2418966410255,-2.595613375764,-13.7275675408743,11.1510893412233,-11.4332038069476,-14.1253746971174,-17.4241249902863,0.248208302281234,-42.883834762255,63.1231117099229,-10.7844272559007,-11.3785180662466,9.25644280006103,0.772406980010999,-2.64776395043969,5.7440268032315,-4.61275650995241,2.5134625018467,-2.30877213416101,1.43936083563915,2.9651589147271,0.929832048663053,-4.04195231228804,-1.4045304401108,-0.144773321645875,18.5907867496385,7.34800588336981,-2.34476342577203,-8.92737489835427e-15
"SRR26447745",61.1794733983763,-45.3113217710356,102.581136828934,-53.2542171150851,-1.65805328217211,-60.6330551531545,13.4935603985914,-57.2339601801595,-51.856204227312,26.4996343150965,30.1052762449846,-37.0899470211892,15.9743483724782,-3.67724464545977,-23.6136785407823,-4.84554859891002,-3.75660543009533,24.8360332260057,-21.5481223099408,-17.8618890781348,4.50552944217131,-4.4652787204679,14.5632820130749,4.15749138427463,-34.4304909081285,14.8519401406938,2.8607267593029,8.98808336043403,18.2246109021644,-3.11986935390001,-4.15532309289187,7.36665971308278,2.38826075868331,11.8118979723072,9.75785826486126,12.8231885992867,1.32625641911596,9.33595800587386,3.70102028466359,45.6438051958237,-69.2828491633124,0.301345286285101,8.90412010879623,-12.7256476038091,1.43752489801762,0.870959242170758,-0.624605462915707,11.2735147322212,-1.41970112092091,2.83685683913972,-0.567733518232969,-3.72099415442256,-3.25128021276299,1.25374304247806,0.24662640576904,3.40209276519068,19.7698170310037,7.11875757655824,-2.26091770946923,-2.44585276511222e-13
"SRR26447751",-95.0271410953216,59.8216658113114,-60.6496177676147,-19.0104201209231,-79.0546072254856,-7.36216050922755,39.1178764194614,83.9333294541214,-14.1102079479071,29.8492035369654,0.451866814911029,-56.3921910380019,14.3940784750371,61.6404304832048,18.2912677785486,-11.0408760798172,-22.5342874006065,-2.55395236075185,-0.508346131199591,99.310046331653,14.3608427195694,-19.902365646443,55.5840588958553,11.3937832830055,-2.71140779255282,-20.2204883757437,6.17956080584288,-3.44697439579234,11.2013873807367,5.81824277776937,-13.01232558184,0.327247444693568,2.44332957751053,3.3953836918107,-1.91336046615143,3.80650415815489,2.21562837272991,1.0098010363536,3.19891932644929,-1.44586797587467,-3.56003686712649,2.54438632645814,2.50454379217037,0.0609613107756788,-2.36072091901122,2.33211649009508,1.6449630741118,-1.7075297098323,1.47277556025151,-0.413193640481572,-0.312398356010193,-0.189835526723712,-0.196003783890602,-0.622411125420856,0.00449882453861706,1.4627463174899,4.83852873643767,7.80231931797505,-1.93346246934332,-7.55379916603238e-14
"SRR26447750",-128.3357842169,-60.063372313852,-6.88216042443167,-24.3425997737189,-56.2053772026839,-63.4620735400576,-112.823509926304,-10.6535548973184,-57.0769740235101,31.3316756970103,-19.0332161272258,66.5384714157623,-13.1542523009222,25.8357489952304,109.534939153249,-31.6466772696223,-13.0006004496546,18.056680030813,18.2848357220228,-12.6838326178221,-20.360615985437,15.2376123395544,-13.1549050389764,-23.1157757297878,-12.98091788395,-16.1574199264652,1.49049960164135,-16.9521109074925,-5.24144393828785,3.97895057447647,-3.65374429890348,0.768854107170339,-3.3194155999492,5.87477290140554,-0.7687637199994,-4.36712377666033,-1.62667473849154,-0.633879886821348,-6.09882174065998,4.93844162561943,-1.45678936538709,0.880732246154448,-3.9641095876161,0.474538495192066,0.933007440643192,0.0697352867587072,-1.27042351963822,1.28362641198684,1.99333274218024,-1.15527137292576,-0.747920112553412,-1.49059892636501,-1.63530306554894,-0.862407952836925,-1.10489436762364,0.339776208173987,7.63907604771123,7.12071470591644,-1.38709190388151,2.78339905377539e-14
"SRR26447749",-45.5956319892343,31.4125714610729,-33.2246918006444,-23.9293663847869,36.9200739490481,-0.682070419640649,-7.85411708144695,33.2617027816082,-67.770972591389,76.5259134991855,38.6330833196872,-13.7533557993266,32.3495384128958,-8.83872021184904,-13.9786372127006,40.4642101981113,42.5446337185125,-1.45001816641634,43.3079668023737,6.89721265906373,6.34773291796338,0.214928457633457,-28.3173159503878,-6.38414999805916,38.5389602742526,5.783029486411,-19.7966946442067,-13.6339312187712,-20.2697088966305,-17.1168091158946,73.2956064163111,20.2990993591917,6.60523880104852,16.5932433108023,14.78706127778,17.5782423057798,8.64316224623566,0.705332696341466,9.26077127377626,-14.0688339830123,0.00169300658260852,-1.91058952384771,-1.39989976087832,-0.358176643379474,-0.438424007635118,2.73225512126097,-3.00702298542222,-8.82883397194918,1.79205993907746,-1.0443563277364,0.649255520327443,2.89593900853627,0.128324396183028,-0.0951936104515209,-1.51750124220922,0.84181125821152,10.9694206109107,8.52784796944518,-2.36886935248461,-2.57565832811196e-13
"SRR26447741",-95.8999362525219,-33.3649893811873,-59.0427398943752,32.2573678760073,-48.1857513005728,-23.7278710109767,-76.5046426409265,-9.59925980311271,-46.7294846319576,-9.42842879341037,-32.5581626132604,-3.75053834853575,2.76416956140016,-33.0036927925217,-42.7535210362232,44.6249523524492,-19.917010063171,-6.96157723976579,-33.5610361445633,41.90643540573,-17.9836276670671,20.4816717418332,-12.0926615616503,3.23934062508126,-1.32251644260903,73.1447007602407,-36.651015141797,13.2156983584444,-18.8342165428764,-21.6673515850476,-30.3666579093512,-18.5982031334101,-3.02448793523309,-33.318293940257,-4.00940320256819,-0.935076946634917,-12.1906346946682,-8.36523513960441,7.07570982679596,-5.01846033111708,7.51431622160858,-3.47794913884942,-0.576970894417498,-0.958604343830688,1.20522248283521,1.34339817819566,-1.21679577697431,-0.241884074141761,-4.3130715156691,1.73721003027418,1.63445098376513,-0.866697096071351,-1.27716358280904,-0.677534894798608,0.546107480383332,2.45995408703737,7.64066912691044,8.20607696974511,-2.31920268642476,-2.24300612805539e-13
"SRR26447740",-134.096498590681,-53.3270850451456,1.11549897600415,-55.401787500636,-94.4004908682561,-45.9711471822334,28.6742223195854,81.7690206114476,48.0084594823605,-22.8088909636848,-43.9116856399309,37.3551591140337,-10.1719729217905,10.1366604158402,-48.0333545422501,-6.27083551304834,39.2903904524552,-25.9691597743979,-29.6453236652025,-63.6930005691044,20.3267967912172,-10.0808890759435,40.2466479842166,-45.2216281644377,-2.24803342213559,-2.70121410333442,-33.9188206879392,-19.7995512647908,15.0546046712916,-6.62295781054141,14.0923491481798,0.664654399017746,0.996703346328718,2.66202721128623,-10.2439252708376,5.02209388220754,-7.5778074033297,-4.48930451636536,-0.0892724918168119,1.37310751710287,3.09027475651787,-1.83462860467184,-1.91627016968915,0.0458772906653497,0.847727887675733,-2.69455029268678,2.22531646654426,0.623618769648868,0.949173913318625,0.308879198251386,2.05377138354746,0.409641338751326,-0.0417462870571293,1.19897887451749,-1.00980189885384,0.502892294806001,8.65451995901469,9.22900186243564,-0.663658009272229,-4.35160533909101e-13
"SRR26447739",-139.147898964955,-50.4795601912006,4.16478189264352,-66.1344726213661,-47.1893765517785,-44.3699928567088,2.80551732791503,62.699735218164,28.4899830147352,-11.2901845800236,-15.1039411024586,25.7018141817155,-3.05575505044616,-41.8564618476437,-14.9104676300441,25.1796461564642,15.8976949583861,-8.01733381608624,0.442143698005725,-5.30386412526959,-3.93306401802306,-0.993318925012837,-46.9266911698965,82.520071248861,-7.02227638383864,-30.1995130199481,61.5982145698803,43.3335692691605,-5.49305176711367,7.90140886617945,-0.0770443731981567,-5.28175772831367,4.65199229921856,2.03720543601202,-7.2561737098637,-4.76412823062057,11.0387493379152,1.85477803768352,-6.34203176923802,3.35369590225308,-2.18875512181268,-0.480450571132643,1.84456489957549,-0.364191407702613,-1.32413836761828,0.579547035468435,-0.720465413813602,-0.14215712676596,-1.06806535395322,0.188594386170459,0.348627525359695,0.158443647228691,-1.38410122030536,0.669479105069057,1.91505742928188,-0.808110638771207,6.32094299365122,9.02584984255895,-1.77152639545973,-5.92907884247595e-13
"SRR26447744",81.7712672617346,27.7168972848214,-24.9191614054538,92.7844663257744,-53.18334639739,51.810065337275,-10.4326977065014,-91.8338282542106,-52.6175941127448,-18.8028196621083,-43.7484826203818,-19.0315644535496,-50.4384690572561,46.6586493536365,1.25983673429553,-1.30841099039535,53.0629699680883,-62.9987561943076,7.11960148857338,-15.2428139850256,29.8052015830493,-26.3909539799325,-0.456954245746494,38.6064149607921,6.33365923890997,-12.9585237073654,16.3718834797505,-14.2978083773552,4.54170490354085,-10.8499147717842,-0.871672987859874,-11.5020774877304,-2.45254750874506,-3.79294368044811,18.6463512752063,-17.4471507493132,-17.9062574560219,-2.09889049793397,8.45707628390101,-3.61569626442411,6.82420033472429,2.97629772818092,1.77638202033087,-0.790422093380804,0.558595333645221,5.03084683808756,-1.59999508410582,-1.3695462210552,1.47446096039012,-1.15925186459347,-1.15258409138513,-1.24056468484036,-1.00787588488522,-0.52679567399978,-0.0149263774852387,4.5136702983725,22.3036846632358,5.3112288335605,-3.12846479272707,2.71398084127766e-13
"SRR26447743",63.7231412834765,32.0523482406387,11.2112570603409,54.4688898432638,-8.45698853533081,24.2292165825039,34.4196204754998,-75.0230490394599,44.1838420792168,-4.053417018388,-48.9043373435875,62.9155214717625,-16.7063031410594,4.59649351942104,-1.48683300369965,25.4389230756534,17.9467834899549,33.4664278090485,27.199378357506,36.7044008497714,-19.0070050320918,11.4366487217052,12.7122622177098,-7.1862101661995,-19.3310155070674,-15.2292896370934,-32.3843614590964,52.0412437242008,23.2698247667228,9.66712383182317,6.54520332635864,20.7229165470619,31.6522526736905,21.1035271267345,-23.1436683264992,39.2114964442315,13.2633909157744,-12.5433113159193,-10.3106341671541,-12.1799547954896,6.74769689331856,-9.86831896703505,-3.50937232110605,-3.95819807971118,1.04777279941352,-0.52004698458203,-0.836603635742692,3.98450381618666,-2.44652515161839,-0.703004585305577,1.5723759024583,1.08722001463165,0.108631205243432,0.410817329172274,-1.30804372548595,-2.05202538638797,15.4440701023102,6.63560074916742,-1.14492118921355,-2.77094048661136e-13
"SRR26447742",53.7944753319209,30.3749383812602,67.9056710829548,-31.2724265108929,18.2255632551603,39.555137976466,90.4846971260938,-15.662642092516,63.5685826761771,-31.4337844158344,-6.59731523292349,33.7960252281756,-2.64543947023502,-17.9684982503991,60.2674854712994,-8.57731259291788,-38.7446992516592,-38.0802030454295,-37.4902125907645,19.0709485468468,-19.0786262077615,21.0902204892989,13.6932344532137,14.1120747036633,2.14152026314884,23.2961943523548,-1.47521970843577,-19.6889363210143,-54.4070991640557,-26.6557297891969,42.3958499431005,-2.672906316805,-22.3294332756141,-4.63359461598752,-2.97463996059786,-7.80068504838338,8.04113594936329,1.63583065225606,-4.8972135826816,9.02462806875143,-8.5812805537791,1.42440083537844,-3.06694272263154,-3.25947319759236,-2.42369584969771,1.20626613746025,-0.839026065507761,-5.04065130936044,0.238862182943792,2.73831937632661,5.02486851949752,-1.08066261641291,-1.28139514589778,-0.473810188600783,-1.52219826230628,2.23006076525876,17.8336033609614,7.48804719621068,-4.40511821612451,-3.15298731134311e-13
"SRR26447748",-15.5737414217097,38.6318369807341,-64.0751247387821,50.7691300260021,46.8222878955964,73.2887604442572,36.8071685392777,35.9701343781249,3.7214192538784,18.7269789181141,4.05582015850138,-21.2574396901341,19.2176162001051,22.8199047354921,28.7993122493133,6.93552504920951,-5.16119456535721,32.3426668486671,-2.87113143799782,-35.6760121305288,1.38855789249354,2.83901640396244,-29.7252466270656,-0.0346549726907043,2.74310736621305,23.2973480401645,32.2109606809487,-12.659443320999,34.9606638584394,-31.9682826161727,-10.7818924807362,-12.8624474567921,-10.7668564484087,-8.8513301028433,-69.3215924593703,37.5219353944354,-38.2791163665359,0.866429886354521,6.64045780101581,10.8641447458444,7.761146897522,13.699646758745,-6.99685922300728,-3.97474892097042,1.19886894760637,4.18029809484129,0.84072187534858,0.841039761299885,0.506006789660627,-0.649814504203708,-0.736019562699066,0.477826600760858,-0.953517036084165,-4.4318126257444,1.0186458853608,1.99100950072337,8.25409754213442,6.17091688711584,-1.52232750717818,-4.22417634725336e-14
"SRR26447747",-26.235564689529,20.0485619922846,-29.6044162016235,11.3447246319124,112.657986205074,51.0703231754148,11.3787774254341,28.2232204651208,-1.74105804640887,43.3348176913774,27.8320179477292,-0.406152031112467,12.1963573195554,24.6717839485568,6.24187496748762,-7.67664200994281,41.5061698996727,11.6424627491598,-5.91558967335794,-12.6181028549799,-0.190644987397895,2.55434611763632,3.80570343356693,4.04538419821348,-12.5673377907693,6.3161809255738,-34.1187102572768,25.1570287572407,0.982415217911729,8.60029328113744,-17.8204735665976,-23.0287536982912,-0.149388943294909,-4.00778948031478,-23.72598933759,-81.5343039242651,22.5127203671672,-0.384433298962063,-41.2886399442692,-2.15626761929713,-6.45949737052849,-15.1416512067625,-0.378730764101243,5.7193935615514,1.8073648549368,-4.35265609472543,-3.19886345526211,1.94166177330747,0.304030588900501,1.48652271657613,1.85493608579206,3.84968295997681,0.617556421252727,1.61193353569713,-3.18782715066971,1.14367292799484,8.98367847352131,8.51385386947111,-1.28884289773336,-3.53807559421923e-14
"SRR26447746",-69.1495122046063,47.628678138722,-83.5989316811836,60.0732950580086,-18.2095895349112,55.5306300936505,20.6128485676899,41.592354172368,44.4883749588782,-37.1835712603264,-16.4651963750537,-34.0281382131942,8.43964311987189,57.4425783116599,-1.25937235901675,-35.1203118229728,-21.5565025618514,37.0034977587363,28.449058308118,-45.4032081907067,-19.836253332675,18.1715431475176,-21.7425737306956,-4.67379349752196,-14.8168961204162,34.6293194317062,7.87971803393399,30.0058481519573,-22.6190906393418,2.24633696702915,-1.56429732737048,8.17502357145816,13.7694042946095,-6.46577688289996,69.4057444783768,8.87514129291917,8.27171567712216,3.30847879991294,12.3661273468405,-8.65695086714125,-9.88107992215005,-11.3771897880349,4.54285802090108,1.63383806132355,3.38455423791083,-2.59129383735112,-0.191970391791908,0.931055910523086,1.2305248281479,-1.35852829790261,-1.67532293528255,-0.283176559526442,-0.571248672193722,2.42653813040409,-0.642065595692211,1.12882244484178,3.604085609201,6.18593170053812,-0.245785130634375,-9.16778995383935e-14
"SRR26447738",-77.5626617499816,-48.7974798310329,-67.0995668258735,85.6724592581702,11.7410262395736,39.232812258178,-81.9871166838583,-24.5750929773592,18.280576414563,-76.0176028521311,-2.95237383297069,-36.255613140377,1.18353728249179,-22.9339864110477,-34.7284982251003,-4.94044402883658,-44.4305873766252,10.380693259561,-6.23121522157825,8.30414155960555,2.51539582504231,-3.17199661416509,7.33106763700342,-17.564522986628,5.36964701378947,6.10871101880219,35.561895968937,-34.8782339294269,27.1885220170716,22.6567408688407,38.5795875796392,15.9632016211634,-9.63519413639415,35.8954550123023,-22.5583872254623,-17.8086339673842,38.7411300517122,4.58419003330308,-20.2317904589304,-1.32020390587242,-0.161054415090933,-4.39366457656716,11.984744937302,-2.65421763939647,-2.69081356397143,1.10530689360891,1.99022488528513,-1.36638658579756,0.569488492684815,-0.0699154212204088,-0.197303450061232,0.490305571959003,-0.417617193836974,2.03119002951416,-0.485964219020816,-1.83683978289816,8.22938647477757,7.9024281706001,-2.08886684729843,-1.52118064238732e-13
"SRR26447753",-31.6189918054883,-25.4510027777159,-31.0767215855141,17.2965376840681,129.362529680695,65.5844062649803,2.35352933636388,12.7558471440978,6.93583482823537,26.544662932509,-1.17154814447424,46.4589299175607,19.0417113785714,-38.3439655653882,13.4796304440859,24.9497132335619,9.3354507431669,-14.0359312379864,-64.5432804076684,18.2065363677642,6.00139324531139,-7.75718051248966,-0.11547419036326,-39.9224301803428,13.6277769767216,-27.0616003757687,30.201714606807,-9.99991664359517,23.0647514855643,28.6695517381412,-32.8131390409627,4.45988534198793,3.72388650414925,-6.89266005541255,52.8089889635364,12.4947878179452,-11.8661358596941,-2.4013006057345,21.6169649638475,-3.89355482371229,-1.24664584297785,-6.35235582408077,0.879053571483939,2.90419830148335,5.00559777647634,-4.9938867143273,-1.17017250998837,-2.04154833457554,0.566465445661469,0.62884866986453,-0.498581052222391,0.376455854003357,1.36266823945544,1.79911824542538,2.04129938405445,-1.60647772534078,11.8932822612867,9.85409714743316,-4.02694659472759,1.36720062354767e-13
"SRR26447752",-91.8094811451567,-57.1105156561826,-1.06821596114386,2.72154058712694,102.508708770337,35.5521511079887,-61.1405012117787,6.91639570362187,41.7550031128133,-44.4884708408571,41.6545577434357,-25.3263919355189,-27.5094750933647,-28.1889520316892,-10.4181508182189,-29.2557972907216,-18.8545975859209,5.31836724338745,39.5672533003082,-3.61071741939814,17.0301945791593,-24.6295375067996,12.6142643201568,34.8566453908757,-10.3916029881108,-50.5086190307922,-62.3821645882448,-7.29712143439295,-29.7869195754914,-0.486622982965625,-14.9924557291861,6.10269686199042,-7.22275156071248,-17.006652326601,-5.07812955609729,24.0865805483475,-19.5732815402543,4.11602954403813,16.1560342448074,12.9382649158902,-0.219068145288809,10.0389045732901,-9.05343469236836,-6.35248105299156,-7.02002018939718,2.75211224386005,-1.23575780667838,-2.88645341383076,0.878566838561618,1.62894018784247,3.92496983091252,1.16524589527811,0.854581948593892,-2.49200833045649,2.08006041405793,-0.294169169246659,6.62841848248131,8.72362989297711,-3.32512308083237,-2.81270666480093e-13
"SRR21227071",19.8080174889268,146.271566718746,-6.82414494885533,3.65547770592251,69.1926028771938,-77.5007779633944,-26.9513947107973,40.0642387339408,20.2573771073353,-26.5953971368319,6.14218279796681,23.8082299441772,-30.0270889159037,-8.89040801622762,-13.2751061497145,-17.5689521418339,51.2199118484975,12.3057731428671,32.1531537947457,20.7036560872132,-29.6377321063286,34.8320121596977,25.132626803804,21.797085512951,-8.30625829230949,20.475366240855,16.3608787265457,-35.9316246306083,26.4597290945398,-3.19390997032714,2.89542082901146,2.20478970925177,-15.6239016233691,-21.1022361645055,8.13579711921152,4.46319698099899,5.3363678142537,-22.4794674375975,11.5656784038942,19.3900837932073,-0.940787405959092,-8.30054096712001,8.54863397341591,29.4838444086561,-2.09697396291923,-9.55131744369858,6.08223788396208,13.1908418803486,-0.726796259956755,0.253487332699519,1.36165014949793,3.01896004344603,5.88843688433973,-1.24613310434543,-3.49558305213072,1.81102405036729,11.2681609470902,-19.3743843045988,-10.0990307642867,-5.09519564127064e-13
"SRR21227073",15.5332514646599,138.10197055979,-6.49376837628242,4.78270105902084,46.0142072487502,-86.3380999620163,-33.2966441606158,20.5886959235138,3.06653556585829,-18.2862524381299,8.14661721151336,-5.80331128608869,-1.73825051243277,1.13856719148277,4.32738813118639,-18.703935164056,1.34112504712713,-12.3333908894105,-22.279639025681,-7.19045532810427,13.5529628776882,-10.5266177905386,1.62417483875803,-11.6732354669101,2.08554773827947,2.69860396537004,9.88027932880171,19.4978086437846,-5.05962926962395,-6.15707557177129,-6.53314360740347,-12.3230863192545,7.15874441975221,10.2039746955983,-2.85869277520782,11.5758781019529,3.79837001367849,2.54338412641905,-9.45251666153002,-21.5416026430195,0.450171649985014,-22.7253235741748,-13.7111369948666,-63.840121236124,-8.55588967028589,25.4303387412536,-26.1708592126954,-29.3982160824358,5.22202822302936,0.594217022097363,4.31826563197501,-2.93357630388313,-5.12523985661059,-1.21340449538073,-1.8395413871243,1.12641045085976,7.93774343610212,-20.1225641519126,-9.75993582854041,-4.79928000552549e-13
"SRR21227074",38.6235825964815,156.548967553208,-33.3244615088323,30.9905098035201,7.8508119368429,-78.5535818177942,-3.55486516037848,13.5536142706622,-10.2440129240925,-26.1683046346088,-29.0955711902986,-11.1793232084545,18.7646716756397,2.02891448605086,12.8399126543629,30.2507637503133,-37.5094882589811,9.03479209572678,-32.8848789631531,-13.9643197367486,29.6097149020892,-38.2465233274822,-33.2866574549414,-15.6673912410133,-2.93114203978984,-22.5059181843843,-21.709272003307,20.4224586440949,-23.3145170528787,4.40030071132932,1.87719517877246,13.3255461310094,7.8080617483816,14.784375773008,-9.04420818883656,-11.8111883200792,-5.63530928273637,18.1861852847293,1.36789877823325,-5.39730117540542,-4.12779777468759,32.0873143663983,6.60928385687105,42.9666361086965,5.72828383184642,-14.8224379718641,14.4051867229223,11.2400402648162,-3.48374983367105,2.12501783193883,1.07116856065723,0.344868397291788,0.873470916336809,-0.0456369060847774,-0.132498081458778,1.17356574245704,14.7274644717513,-17.7410198217244,-8.93702223086465,-6.90140761379354e-14
"SRR21227072",-65.2394291880153,-119.23064338176,26.0232236111723,-12.909483613541,-0.275838686318922,39.547203695116,-14.5076373941319,-33.190861284454,-4.46447675407962,2.78141789645307,14.9285425959641,5.73307141499086,50.85303502536,17.1002057994594,-16.7523636327922,-38.0351054681866,20.4777097292292,-12.676627556712,-2.63850249251234,18.0434470893054,3.60886499029293,-3.87087924973051,7.49994556411648,-27.5286938673412,-9.70465441014192,-3.26630081975912,15.1268501421149,49.3060682096873,-18.6651812860393,-12.8573250055251,17.3320269108127,-13.102045405298,-15.5901895581667,6.92856796568028,-7.56900538603175,2.84973608135169,-3.78454982692409,23.40878388543,21.7903155201799,45.7023336387226,48.3961959591497,-19.0088954846171,24.1884444006794,11.7844910716276,9.0726230905061,5.84584575082074,1.43577716063864,-0.739595790882115,5.02427759863242,-2.88627348503833,-2.61268874734118,2.19298267338174,-1.61100428785263,0.82644930969367,-0.69698085365495,0.168104434730131,1.61961312781888,-15.8065527058579,-8.29248139176748,-3.07985408010136e-13
"SRR21227069",-67.7880669634654,-94.0839636343833,6.35534039567272,2.2408203477277,-36.3911619304111,49.6327263325907,9.69743402011683,-25.5249686621364,5.40446650897129,-12.1667591717379,-4.68374599927284,16.5955100769703,77.2211498850067,6.60941797090745,-4.185614871363,-36.186615624129,8.04028375975953,-25.6733070263873,7.67383902293222,11.432995507188,0.492335082722431,-11.0032089107999,-23.473205493964,-0.0737734511002898,7.64968139635355,0.811986557932043,-1.54095922501769,3.68550473560346,14.3915363634287,0.153471312121932,-1.33201713886257,61.6759406193563,0.815815739121456,-39.8443197870548,-12.6467930947922,-18.6933511445349,-2.26209388961541,-44.2600039101977,2.05274927704558,-15.3806432206093,-32.3835543039419,16.0692639468279,-19.0284732701382,-5.88577434980325,-12.6768140077011,0.0230969350950371,3.56472076669995,-4.39005086639535,0.403852380154899,1.88053558314713,0.519583334563427,-1.65204033814046,2.92799254816518,-1.59527837545345,-2.58026217245896,2.52867223276921,-3.83925023333149,-16.6413637292753,-8.05028545626334,-2.90797767810158e-13
"SRR21227070",-49.1266732618273,-96.1169684407931,19.8011214098227,-16.8599315454903,-22.1793670466747,53.1275569574103,29.7102191998645,-11.1929822306399,4.37265854704874,-6.20449168208991,-26.1963073418206,10.9375530981268,60.5383615875722,-1.68621967313689,-4.18725237129541,3.30825471373696,13.8769753318923,13.2552564634468,7.07151507511112,10.169872648032,-10.2935631590893,-2.58912082374324,-23.1873853588328,31.178528394111,-27.0723849341655,0.287553345878053,-28.9011003260764,-58.216181064493,8.02634889033618,4.66732209941298,-13.4954235791588,-60.9827796607345,5.21971052985018,39.6088183495013,19.0846344824223,18.463328828485,7.53471649297546,19.3979772843737,-15.7453579563311,-21.6281020102207,-5.40544735337211,5.49041162547552,-5.05253530925334,-3.13834670086661,6.19182650555227,-2.85512497310983,2.51811576553639,4.27813580974076,-1.5303547997602,0.678753180521157,1.78469876812534,-0.783072374497251,-0.0762115525577717,-0.0319650165694652,2.19125518093461,-0.69496822653991,-1.27173946831401,-18.4857123333736,-8.12966455645427,-1.09018751057871e-13
"SRR21227075",-85.0371427045117,-119.085580703816,26.6819125287319,-37.9287910254087,14.962862519108,55.7345518677211,-11.7693778825173,-10.388776636771,-8.6917257289479,33.6106785138403,36.3980657282659,-17.1353500765613,-81.5367202908377,-5.30267417726455,-10.7267076142956,-5.03801068804055,-3.14247899218796,-6.10602707269272,4.05034930726734,-5.97753227170279,-2.18363684433609,22.2664986862072,42.3804669695717,-21.7891553409764,11.8333973934285,9.12591319266541,33.1393480383976,33.0460325119655,-13.3812507236564,-17.7793690779323,-1.5421962923958,-15.3278458429986,3.51989070564974,8.01203442527196,-5.07076340629132,13.4957914187672,-2.63392915394164,10.3452002773063,-12.2138197888748,-49.5634280119958,-21.8417726375199,29.8376058735773,-11.7760641619,19.1783544518588,-3.82567483474577,-14.2192485927769,6.38866862853543,4.09819005415645,2.90262006841592,1.83823715392365,3.11091623166751,-3.48227369943541,-0.348056546646164,1.66623831464403,0.0218585635532983,0.240761901195706,3.39828728617357,-14.3092604764275,-8.48970008726765,-2.72244466553717e-13
"SRR21227076",-52.3732731631125,-46.6185683307737,-14.1383944999731,-3.81713176777179,-38.0229416761963,51.6690125063468,37.8127485089787,5.76089291795017,-10.3038686964717,29.0106532897995,-10.4326192376378,-12.9461120719596,-47.1530676546748,-6.96211729498726,10.3317696260017,46.0369872708811,-27.863119403316,23.1468746629845,-7.76005419374888,-16.0797729016458,-3.78579961042717,3.41227556479453,3.0563066566135,9.67748049837809,1.43154243546123,-7.69468995153057,-14.9498691922915,-12.5367109971251,4.71947058675971,13.905123077714,5.58148744679481,19.5047485255259,1.43366628493776,-5.29162487311277,0.637471496336262,-16.9764469332452,1.12765403111523,-7.4026101645056,13.7736478033787,16.1817123398513,7.94766605424457,-5.98829039517152,13.7360710412654,-1.1769085566025,-6.81883232694857,0.853576291075303,-75.49097997491,20.8981662752608,9.54852896887677,-11.2191111111336,-11.5223782640626,5.31602998346887,4.34475399980389,-4.24338275050324,-1.32136966804856,0.746245507900148,-4.74222773711715,-15.5048685310937,-6.58502359603832,-8.56148919120558e-14
"SRR21227065",-45.8872648686195,-26.8795886068431,-26.9610432615929,-0.798964250537907,-30.3915109945952,49.4350858731947,33.4044549400935,9.39693325303496,-15.6501277647505,37.2728186739919,-9.37217537169386,-12.660714907434,-59.4091816073564,-7.58112454044166,11.0820411033521,44.080074760459,-22.0275881867841,18.7641945443322,-1.22270119635861,-16.837151161304,-5.48552663404304,8.1241763369905,0.825360909608022,8.07336732901521,9.30639614773846,-5.02362721545272,-14.1234995183602,-7.80895788982627,6.06647061336432,19.2221401919755,0.0493674755836153,17.2662291575211,1.65443490953849,-3.60572124158258,5.72110464103929,-14.9816975193084,2.76739259680322,-3.33274446792551,2.87430912645151,31.0616055734542,7.97582165707743,-20.1910658704664,-5.0503646582694,-23.0508815044369,7.3527194939757,14.9313615497718,64.3382777245448,-24.7185874256317,-10.9900254356547,9.54148106708758,9.41380652618714,-3.67444126954404,-6.7634249583179,0.154210512305829,0.181260708341343,0.804648927280168,-3.42541028422763,-16.8171203537116,-6.50177572416048,-2.25690559990666e-13
"SRR12214241",-108.486405541899,-51.1842519557468,-47.0882459637252,31.8420311259052,46.5029498407688,-58.2398794493126,58.5256460275929,-25.4134706949143,-28.8790027845201,-26.0945544683444,8.62948997662795,20.1674800546008,-2.27006130996031,8.87814138435254,-1.20320034395954,-9.37773882458963,-9.960674302656,-1.78371884527146,5.1997556016403,12.4373168366127,94.2227437818465,79.6152461347022,-10.2943555547114,1.55725229468576,-6.0607417049922,0.737805090265345,2.39818220579343,-10.4026033174153,-7.81003684141963,18.0354593543178,5.31299992964426,-7.73943255882724,26.8389121129297,-13.8116595465487,-6.85886707772869,0.913972043805761,-0.299281857586036,3.65737560108006,4.5139790141078,1.78069142298281,-1.55887012207335,-0.720382950207429,1.4893290836486,0.466636918348795,-0.336967243314669,1.07685749080284,0.165268451404582,-0.21111617292188,2.0941033324628,-1.08700752960883,1.08498862858405,-0.209506430631364,1.80421622224173,-0.112853700589338,-0.954174583007478,0.681420233924333,1.2325688727126,-6.85826989100078,21.6903358887704,-3.29961752365548e-13
"SRR12214243",-105.905846038022,-29.3417316022335,-54.2234737018624,28.9316387693191,30.0896548309842,-48.2700455393269,54.2231482849513,-14.2489028001302,-22.8135051905062,-14.8565884479359,-2.95529186810383,1.65444637656215,-10.8978520225726,-9.16631032007231,2.13052455954481,4.866710706218,3.69900374958088,3.93450341764973,3.93151581278688,3.49140170928258,-14.6836296187749,-14.5994498636201,-4.22626865351294,0.392377591407245,1.90679188226884,-8.11113133382788,-10.2934776392804,15.4421567718758,12.3536305748933,-41.8981667394501,-22.9706862576543,24.8364305078287,-84.8738619968559,44.2601601456043,18.8406892613638,-1.51384623250349,-1.81069092458138,-11.7976775562662,-7.21116842360716,-9.51452297064103,0.396409520727938,-5.36144888731396,-0.0384902293020247,-0.128204332260955,1.26204283137447,-0.587205748231596,-1.6433942834998,-1.62556496143114,-4.50644213147111,2.07933479220924,-0.746060379490573,-1.20648684134055,2.78476408465436,-1.90677250729336,-2.83605902445603,-0.164068147491871,-2.16044316743468,-5.76876506592364,22.8692141524244,-1.72065595278881e-13
"SRR12214249",-115.088547088095,-47.8653194596281,-48.3817890181056,24.5512259457181,47.326521672885,-54.3238531967449,52.1966502185856,-22.4943555163889,-30.6227166676045,-30.6375005593045,19.5515227640783,3.40802177745384,-9.23966466908888,-1.3522364357193,7.07407623527554,1.92268449717146,1.91007614152933,-11.7961934975575,7.08387244672294,-2.68785668198498,-72.2310220720782,-76.0622215713483,13.3015947989107,-8.08487023721779,4.96944605972852,11.6628905861896,12.4040456694434,-8.77139675925395,-10.338469363742,16.1337821799544,14.5462962071558,-20.5684253443715,51.8192643594182,-24.2833578965598,-10.8668681694886,0.623675952830948,-2.3614930417033,2.41349265667509,3.26486682509585,4.62439135565648,-1.63302141247262,0.250688557402146,1.64752066316115,1.40853801499005,-0.52408043920826,-0.0182131011930616,1.05806027024598,-0.391470561167891,1.97429080739521,-1.4165025734831,0.887577873811639,0.0599989740023569,0.899039137901715,0.484927727585855,-2.0668047288131,0.717968123614161,1.68916966973408,-7.13402337494424,21.6852349291008,-1.35803152577496e-13
"SRR12214245",91.5846500067996,36.0258106330559,50.1937334201092,-37.3254034875038,-29.128438186065,61.2091618043363,-56.256667848909,26.5485877300839,23.8531019456183,17.8910457193848,-5.57285066031237,-10.9211564096854,8.98578630364164,-6.39332132297924,-0.48161616002586,1.34485912946023,-0.852326129544156,-4.08562642190608,-5.84944916825765,0.323472933930145,-0.741962073171461,3.07244245828577,-0.363484142301497,-0.101758046861438,2.40012587909138,-2.38579390004154,-0.32905923807557,1.85274090191649,-0.296783821608065,-0.290042135524796,-0.232107047841713,1.79798742687225,2.30134526120937,-1.13559691508933,0.449194483410836,-1.28431093044898,-2.73550841925375,4.13749397143852,-2.11938300173882,1.90473626465711,-1.60242776921458,-4.04433599196617,-2.08678044259381,-4.09619726074052,-4.00436245577938,-1.68324011682362,5.88619039126224,6.59140325705791,-16.6229062218961,-74.970009241979,29.276717700864,-21.3676683688032,24.0883181881384,-2.21808086653884,-0.823669493149383,-1.88213612965864,10.9948389402786,-8.31490591164604,19.9740990618488,-4.99613154666956e-13
"SRR12214247",94.0296683299328,27.9785377611925,55.0749436972274,-38.0553920121757,-30.380728576729,60.1377632985822,-55.2776072051462,24.6483204831741,24.4175025286926,14.2523516697482,-6.10378610987453,-9.26041119165519,7.17708408265795,-3.82798670027295,0.89769386844721,-1.19776565267085,0.951846545521301,-2.96636881126434,-4.44749615914545,1.07599044309671,-0.113520044399622,3.13867516416035,-0.0689294894127,1.05640011663551,2.04612738186245,-2.40414007974126,0.591643412017626,-2.15464897046742,1.1602153193194,-0.00168674710244902,-2.935835782702,3.35523915053983,3.0857632919679,-3.02397487513933,0.429317800926706,3.04245569646366,0.838546500211683,-3.50034491073841,0.831416430441918,-2.19977979407187,-1.14110338845938,1.77900968255248,5.12565409113341,2.17156512135505,1.7375515209911,-2.84039298117201,-5.21497630841428,2.03568609112416,-5.02055418823857,18.7556332086693,9.10705224458433,54.6752821159679,-61.5685387556791,4.5901176394587,-4.13994636460032,3.35863395306025,9.561782531397,-9.37421557838774,22.0728487764109,-4.15072490267399e-13
"SRR12214251",93.083243686485,37.3966116723251,50.0216416539403,-35.9729468391519,-31.6551360030884,59.666977452716,-54.9463227533654,25.4522357665116,26.3833361471349,20.9828905697706,-8.97082394867941,-7.58724797650573,6.2264696197105,-5.45824097167379,-3.03156524922439,1.86151933432994,0.944665345969562,2.07675974513205,-4.99307850694059,0.321049751792456,-3.11102506096443,4.37431880442774,-0.0140197363827652,1.83130898848441,-1.92958259309138,-1.47414366582811,-1.91066996800651,0.257999287508975,0.533441924970943,0.621908833942766,1.34743065010519,0.516181271918604,5.59860536684765,-1.2877143437572,-0.119687316331425,-1.46024366596571,1.82057968954614,3.31833914369187,0.842837263909694,2.57869235248161,4.04181093827598,3.56916373783949,-1.31499223305354,0.545555142381027,0.122032766362201,3.29138339391082,-1.09332202361131,-6.60532241871865,25.1794585929988,55.9895481015481,-33.1014527395052,-32.1953116300333,40.8681195884883,-4.05832044181063,4.07121488587791,-1.10636169295078,11.78533052089,-7.77587825923217,20.9243765732138,-2.17229500446697e-13
