Brapa_Gene,Ath_Gene,Identity,Alignment_Length,E_value,Bit_Score,Direction
BraA03g027460,AT4G10250.1,89.899,198,4.35e-123,346,Up
BraA09g033030,AT4G10250.1,64.324,185,7.04e-82,240,Up
BraA02g043370,AT5G25450.1,92.562,121,3.79e-79,229,Up
BraA07g000650,AT4G23160.3,33.202,506,9.58e-74,266,Up
BraA02g043270,AT5G25560.1,84.74,308,0,541,Up
BraA01g005960,AT4G32050.1,80.389,617,0,981,Up
BraA03g011140,AT5G59720.1,77.64,161,5.24e-82,238,Up
BraA02g010960,AT1G53540.1,83.439,157,1.16e-94,271,Up
BraA06g012360,AT1G16440.1,75.338,296,1.18e-146,423,Up
BraA02g021800,AT1G72460.1,69.585,651,0,848,Up
BraA10g028190,AT5G05220.1,75.94,133,1.65e-65,197,Up
BraA09g033420,AT4G29090.1,46.154,221,8.87e-59,214,Up
BraA10g033710,AT4G33070.1,87.912,91,4.5e-51,172,Up
BraA06g045850,AT4G39235.2,83.133,83,4.55e-44,138,Up
BraA07g008550,AT3G24600.1,88.599,307,0,507,Up
BraA06g044090,AT5G45160.1,88.355,833,0,1499,Up
BraA03g048080,AT4G17440.3,72.115,208,2.99e-88,263,Up
BraA01g009010,AT4G28485.2,81,200,5.98e-113,320,Up
BraA05g027310,AT4G23160.3,32.806,506,1.17e-70,257,Up
BraA03g020620,AT2G39050.1,77.097,310,1.98e-163,458,Up
BraA06g002020,AT1G52560.2,84.375,128,1.91e-78,231,Up
BraA03g065410,AT1G62290.1,87.5,512,0,940,Up
BraA01g004570,AT4G33620.1,69.325,326,1.43e-136,406,Up
BraA01g018580,AT4G27670.1,82.969,229,1.76e-123,349,Up
BraA03g040990,AT3G22830.1,71.007,407,0,523,Up
BraA04g013030,AT5G39850.1,95.722,187,8.19e-132,369,Up
BraA01g040050,AT3G12510.1,48.276,145,2.15e-29,106,Up
BraA02g044420,AT5G23230.1,82.564,195,1.24e-119,337,Up
BraA10g001470,AT1G02860.1,84.118,340,0,576,Up
BraA10g016270,AT5G58070.1,64.641,181,6.02e-81,236,Up
BraA03g017860,AT2G33835.1,57.093,571,0,563,Up
BraA03g024830,AT2G29950.1,63.478,115,1.04e-45,145,Up
BraA10g032430,AT5G03740.1,60.403,298,8.71e-104,304,Up
BraA05g036840,AT5G05410.1,33.138,341,5.47e-35,130,Up
BraA01g014700,AT4G23920.1,93.787,338,0,666,Up
BraA07g001250,AT2G19600.1,96.46,226,1.33e-150,432,Up
BraA09g038010,AT1G28260.1,76.992,891,0,1333,Up
BraA03g050300,AT4G21323.1,74.625,733,0,1125,Up
BraAnng002500,ATMG01360.1,100,454,0,903,Up
BraA05g043120,AT3G03620.2,89.969,319,0,572,Up
BraA09g011580,AT2G18050.1,62.42,157,3.14e-51,161,Up
BraA03g061930,AT4G37370.1,88.153,498,0,913,Up
BraA01g010840,AT4G19460.1,92.915,494,0,944,Up
BraA10g026290,AT5G12110.1,87.719,228,6.16e-127,358,Up
BraA02g023190,AT1G74590.1,75,232,1.38e-130,368,Up
BraA07g015860,AT1G21000.1,93.564,202,5.89e-142,395,Up
BraA02g007460,AT5G17860.1,85.121,578,0,957,Up
BraA07g028410,AT1G76590.1,82.677,254,3.55e-151,421,Up
BraA01g001720,AT4G36990.1,79.239,289,7.37e-150,421,Up
BraA07g000460,AT2G20320.2,79.787,1034,0,1632,Up
BraA05g003880,AT2G43820.1,84.855,449,0,809,Up
BraA05g033540,AT3G14620.1,85.088,228,3.6e-143,410,Up
BraA08g036120,AT1G02610.1,80.631,222,9.78e-115,327,Up
BraA02g041120,AT5G48180.1,85.093,322,0,564,Up
BraA08g026660,AT1G27110.1,75.72,486,0,730,Up
BraA03g023180,AT2G43820.1,77.852,447,0,717,Up
BraA05g008470,AT2G36770.1,82.31,407,0,710,Up
BraA03g005810,AT5G13420.1,87.699,439,0,755,Up
BraA06g011170,AT1G15100.1,79.487,156,4.68e-76,223,Up
BraA05g032630,AT3G15500.1,81.682,333,0,535,Up
BraA07g041200,AT1G76590.1,88.211,246,2.51e-159,441,Up
BraA07g010850,AT1G30410.2,91.845,1496,0,2786,Up
BraA01g020090,AT4G16563.1,85.4,500,0,699,Up
BraA09g061950,AT1G13470.1,74.126,143,3.15e-62,195,Up
BraA08g001220,AT1G54100.2,96.56,436,0,862,Up
BraA04g017340,AT2G22420.1,91.385,325,0,605,Up
BraA04g021280,AT2G28110.1,84.512,297,0,520,Up
BraA07g012710,AT1G27300.1,66.829,205,6.71e-87,254,Up
BraA03g023200,AT2G43820.1,82.561,453,0,783,Up
BraA09g024510,AT2G02390.1,83.256,215,2.47e-135,379,Up
BraA03g005790,AT5G13320.3,84.441,572,0,1014,Up
BraA07g034250,AT1G67920.1,85.075,67,3.07e-33,108,Up
BraA01g041820,AT5G22690.1,56.353,1031,0,1051,Up
BraA04g022870,AT2G30470.1,72.75,800,0,1132,Up
BraA03g026980,AT4G08900.1,94.083,338,0,657,Up
BraA01g036230,AT3G17660.1,86.441,236,1.94e-151,421,Up
BraA06g028810,AT5G64120.1,87.5,328,0,588,Up
BraA04g022260,AT2G29350.1,83.846,260,1.17e-164,457,Up
BraA01g018870,AT4G28040.1,86.427,361,0,629,Up
BraA02g024020,AT1G76060.1,86.452,155,1.57e-93,268,Up
BraA01g004910,AT4G33150.1,90.637,1068,0,1986,Up
BraA06g026070,AT3G49260.1,81.551,477,0,717,Down
BraA03g000890,AT5G03300.1,97.391,345,0,700,Down
BraA09g000920,AT4G00950.1,75.862,290,8.52e-135,384,Down
BraA03g028290,AT4G12520.1,84.211,133,7.49e-68,201,Down
BraA01g011510,AT4G20430.3,88.372,860,0,1533,Down
BraA08g007820,AT1G41830.1,96.125,542,0,1075,Down
BraA09g010210,AT2G11810.1,88.298,470,0,840,Down
BraA03g015850,AT5G50740.5,84.155,284,1.88e-126,362,Down
BraA04g007360,AT3G52500.1,83.772,456,0,782,Down
BraA03g002520,AT5G06270.1,83.607,122,1.67e-52,161,Down
BraA03g000100,AT5G01500.1,89.524,420,0,687,Down
BraA07g039450,AT1G74470.1,94.397,464,0,880,Down
BraA10g008740,AT5G50150.1,82.206,399,0,673,Down
BraA07g028800,AT1G75500.1,94.602,389,0,744,Down
BraA01g031110,AT3G23810.1,98.763,485,0,994,Down
BraA09g009990,AT5G66230.1,68.406,345,2.39e-129,372,Down
BraA01g008720,AT4G28780.1,93.103,203,2.95e-140,396,Down
BraA10g027760,AT5G10180.1,90.99,677,0,1253,Down
BraA02g015010,AT5G53420.1,81.022,274,8.86e-157,438,Down
BraA03g018100,AT2G34680.2,88.804,1697,0,2964,Down
BraA03g002440,AT5G06150.1,80.769,442,0,703,Down
BraA03g001360,AT5G03760.1,94.549,532,0,1055,Down
BraA02g006630,AT5G16590.1,85.486,627,0,1056,Down
BraA07g036170,AT1G70280.2,83.174,523,0,807,Down
BraA03g042290,AT2G04780.1,87.938,257,6.06e-135,380,Down
BraA08g010090,AT4G14040.1,94.456,487,0,961,Down
BraA06g017000,AT1G21090.1,84.016,244,1.56e-141,396,Down
BraA03g056060,AT4G29410.1,89.51,143,5.21e-93,265,Down
BraA06g018290,AT3G49260.1,86.345,476,0,746,Down
BraA03g023570,AT2G44740.1,90.625,192,2.27e-127,357,Down
BraA08g026590,AT1G26960.1,82.642,265,2.56e-156,434,Down
BraA03g040000,AT3G21055.1,86.792,106,2.75e-57,172,Down
BraA06g027220,AT5G62550.1,65.102,490,2.1e-180,511,Down
BraA01g006320,AT4G31590.1,96.532,692,0,1396,Down
BraA03g060810,AT4G35620.1,80.806,422,0,614,Down
BraA03g020360,AT2G38750.1,84.953,319,0,552,Down
BraA08g030320,AT1G15820.1,92.035,226,2.29e-147,415,Down
BraA07g040140,AT1G75500.1,94.643,392,0,748,Down
BraA07g034880,AT1G68780.1,86.183,427,0,748,Down
BraA02g020510,AT1G70550.2,89.103,156,2.37e-104,302,Down
BraA03g048320,AT4G17770.1,93.387,862,0,1687,Down
BraA02g021950,AT1G72730.1,95.864,411,0,822,Down
BraA09g042410,AT1G22430.2,87.179,390,0,701,Down
BraA06g032410,AT5G23860.2,99.332,449,0,939,Down
BraA05g002720,AT2G42260.2,67.681,263,9.93e-107,308,Down
BraA03g002570,AT5G06390.1,90.196,459,0,802,Down
BraA07g031720,AT1G68560.1,88.398,905,0,1693,Down
BraA03g039810,AT3G20390.1,79.787,188,1.71e-90,262,Down
BraA02g010980,AT3G53730.1,100,103,7.73e-69,202,Down
BraA09g036170,AT1G30380.1,94.656,131,9.1e-85,243,Down
BraA05g005160,AT2G45470.1,88.55,393,0,645,Down
BraA07g030990,AT1G70280.2,82.846,513,0,800,Down
BraA08g025260,AT1G27660.1,84.989,453,0,659,Down
BraA09g049050,AT3G56480.1,84.884,344,0,570,Down
BraA01g038330,AT3G14790.2,93.114,668,0,1253,Down
BraA03g032800,AT3G05910.1,94.245,417,0,820,Down
BraA09g046140,AT3G53190.1,91.761,352,0,654,Down
BraA08g006340,AT4G13930.1,93.418,471,0,927,Down
BraA03g045730,AT3G50890.1,76.423,246,1.65e-122,348,Down
BraA03g042070,AT3G25500.1,79.834,1086,0,1354,Down
BraA07g004410,AT2G16750.2,81.863,612,0,999,Down
BraA10g001380,AT1G02730.1,92.353,1190,0,2203,Down
BraA05g004140,AT2G44160.1,94.286,595,0,1186,Down
BraA08g005450,AT1G47210.2,80.914,372,0,617,Down
BraA09g053850,AT4G27830.2,73.333,210,1.25e-107,315,Down
BraA10g023730,AT5G16000.1,90.236,635,0,1159,Down
BraA01g019020,AT4G28250.1,91.698,265,0,503,Down
BraA09g051180,AT3G59400.1,71.429,266,6.02e-117,335,Down
BraA08g012500,AT4G16610.1,74.757,206,5.23e-98,282,Down
BraA07g040720,AT1G76160.1,91.312,541,0,1030,Down
BraA06g017340,AT1G21440.2,89.103,156,5.59e-98,289,Down
BraA07g008140,AT4G22100.1,59.959,492,0,589,Down
BraA03g048030,AT4G17350.1,86.265,415,0,680,Down
BraA07g007250,AT2G05790.1,91.611,453,0,857,Down
BraA09g055280,AT2G24630.1,91.884,690,0,1283,Down
BraA02g039380,AT3G27690.2,97.368,266,0,540,Down
BraA04g027340,AT2G36870.1,91.639,299,0,578,Down
BraA01g039340,AT3G13520.1,90.323,62,1.95e-28,96.3,Down
BraA04g026680,AT2G35860.1,94.379,427,0,784,Down
BraA06g034710,AT5G26670.1,93.046,417,0,812,Down
BraA10g017790,AT5G59870.1,91.333,150,8.59e-90,258,Down
BraA06g033650,AT5G10750.1,63.462,260,1.74e-124,357,Down
BraA09g012260,AT2G19170.1,94.349,814,0,1564,Down
BraA01g006060,AT4G31890.3,89.08,522,0,884,Down
BraA10g032420,AT5G03760.1,94.94,415,0,835,Down
BraA07g024680,AT3G59400.1,73.034,267,7.13e-119,340,Down
BraA03g033410,AT3G06890.1,89.844,128,7.11e-37,122,Down
BraA05g003020,AT2G42570.1,87.466,367,0,663,Down
BraA05g028650,AT3G19553.1,92.243,477,0,859,Down
BraA02g003450,AT5G10310.1,80,100,1.82e-53,164,Down
BraA03g056010,AT4G29240.1,84.682,346,0,609,Down
BraA05g040910,AT3G05470.1,77.74,876,0,1204,Down
BraA06g013990,AT1G18250.1,89.712,243,9.24e-160,442,Down
BraA01g034680,AT3G19820.2,91.622,561,0,1065,Down
BraA08g024080,AT1G29930.1,97.378,267,0,528,Down
BraA08g023330,AT4G38660.1,85.352,355,0,584,Down
BraA10g003120,AT1G04680.1,94.664,431,0,842,Down
BraA03g032530,AT3G05470.1,76.603,889,0,1165,Down
BraA09g036680,AT2G34420.1,98.137,161,3.32e-113,322,Down
BraA03g020240,AT2G38620.2,91.987,312,0,597,Down
BraA07g010350,AT1G31330.1,90.045,221,1.88e-146,407,Down
BraA01g021400,AT4G15450.1,83.465,381,0,628,Down
BraA05g038450,AT3G08920.1,80.282,213,2.69e-120,340,Down
BraA07g011100,AT1G29930.1,97.378,267,0,528,Down
BraA09g003480,AT3G27690.1,98.125,160,1.05e-112,320,Down
BraA06g000430,AT1G55670.1,91.358,162,1.13e-102,291,Down
BraA02g027840,AT4G02290.1,91.683,505,0,940,Down
BraA06g038740,AT3G27690.2,97.368,266,0,540,Down
BraA03g027530,AT4G10340.1,95.714,280,4.18e-173,479,Down
BraA07g007120,AT2G05920.1,89.243,753,0,1358,Down
BraA07g011090,AT1G29930.1,98.758,161,5.29e-114,324,Down
BraA03g026090,AT2G21050.1,96.894,483,0,970,Down
BraA10g012700,AT5G54270.1,97.358,265,0,526,Down
BraA01g029970,AT1G61520.3,93.04,273,9.96e-180,495,Down
